{
  "value": 0.6491444444444444,
  "params": {
    "min_prof_thr": 0.07027715107270582,
    "max_down_prop": 0.10067246482890455,
    "gain_tightening_factor": 2.367413690094752,
    "merging_retracement_thr": 0.35349665676693154,
    "merging_time_gap_thr": 2.962531462696651,
    "pre_entry_decay": 0.02985563947749022,
    "short_penal_decay": 1.8998280404440735,
    "trailing_stop_pct": 0.04282869003322088,
    "buy_threshold": 0.29092018939201036,
    "top_percentile": 1.415880391032867,
    "smoothing_window": 2
  }
}