{
  "value": 1.2864335185185183,
  "params": {
    "min_prof_thr": 0.046180823353093446,
    "max_down_prop": 1.3162836710898265,
    "gain_tightening_factor": 39.34645984449369,
    "merging_retracement_thr": 0.6972149258328879,
    "merging_time_gap_thr": 5.773391232700298,
    "tau_time": 12,
    "tau_dur": 197,
    "trailstop_pct": 0.030305192074406722,
    "buy_thresh": 0.11297866855395461,
    "beta_sat": 19,
    "smoothing_window": 2,
    "sellmin_idx": -3,
    "sess_start": "13:30:00"
  }
}