{
  "value": 0.7193538888888888,
  "params": {
    "min_prof_thr": 0.0499403164382214,
    "max_down_prop": 2.9393551604197703,
    "gain_tightening_factor": 33.41300000222689,
    "merging_retracement_thr": 0.2540338431788266,
    "merging_time_gap_thr": 6.659427953850954,
    "tau_time": 10,
    "tau_dur": 87,
    "trailing_stop_pct": 0.055618158908136046,
    "buy_threshold": 0.6199184008130462,
    "beta_sat": 99.04101477233823,
    "smoothing_window": 5
  }
}