{
  "value": 0.32169500000000006,
  "params": {
    "min_prof_thr": 0.04209191025850117,
    "max_down_prop": 0.15946127838909127,
    "gain_tightening_factor": 5.893558017776548,
    "merging_retracement_thr": 0.4349863104858833,
    "merging_time_gap_thr": 2.1885524528385223,
    "pre_entry_decay": 0.03006160930342321,
    "short_penal_decay": 5.767692253734793,
    "trailing_stop_pct": 0.06972898450829018,
    "buy_threshold": 0.3929289715705512,
    "top_percentile": 3.7069038843091158,
    "smoothing_window": 60
  }
}