{
  "value": 0.7691188888888888,
  "params": {
    "min_prof_thr": 0.011930262926848324,
    "max_down_prop": 0.30216722879289004,
    "gain_tightening_factor": 2.4086474189156184,
    "merging_retracement_thr": 0.14160864338033624,
    "merging_time_gap_thr": 1.5434475170419104,
    "pre_entry_decay": 0.09036437235080497,
    "short_penal_decay": 2.508446002903426,
    "trailing_stop_pct": 0.019440188829244705,
    "buy_threshold": 0.3509178375970539,
    "top_percentile": 1.6396945214656395
  }
}