{
  "value": 0.44172370370370373,
  "params": {
    "min_prof_thr": 0.040958139401025696,
    "max_down_prop": 0.3998602695375249,
    "gain_tightening_factor": 14.697155279249486,
    "merging_retracement_thr": 0.9424109272178499,
    "merging_time_gap_thr": 1.1951605283153923,
    "tau_time": 25,
    "tau_dur": 193,
    "trailing_stop_pct": 0.0333292035114965,
    "buy_threshold": 0.3146393282768818,
    "smoothing_window": 30
  }
}