{
    "best_params": {
        "min_prof_thr": 0.16815931930758932,
        "max_down_prop": 0.24687626425012243,
        "smooth_win_sig": 26,
        "pre_entry_decay": 0.5805653579507104,
        "buy_threshold": 0.08591741255256595,
        "trailing_stop_thresh": 0.3085059417317029
    },
    "best_value": 1.0736250000000003,
    "trials": [
        {},
        {},
        {}
    ]
}