{
  "value": 0.5814377777777778,
  "params": {
    "min_prof_thr": 0.014928374507627271,
    "max_down_prop": 0.33835701042600386,
    "gain_tightening_factor": 8.375601025125901,
    "merging_retracement_thr": 0.574817310992296,
    "merging_time_gap_thr": 4.168878113719974,
    "pre_entry_decay": 0.07858339083629713,
    "short_penal_decay": 8.520993553682253,
    "trailing_stop_pct": 0.03013724636461514,
    "buy_threshold": 0.4564446556540989,
    "top_percentile": 5.075882084178679,
    "smoothing_window": 5
  }
}