{
  "value": 0.40549425925925925,
  "params": {
    "min_prof_thr": 0.021794133070973196,
    "max_down_prop": 0.1580451273603962,
    "gain_tightening_factor": 5.278353308574967,
    "merging_retracement_thr": 0.5493525583631105,
    "merging_time_gap_thr": 2.082392862634237,
    "pre_entry_decay": 0.041632728541511954,
    "short_penal_decay": 5.172844539321953,
    "trailing_stop_pct": 0.042890062850615356,
    "buy_threshold": 0.4603494420927714,
    "top_percentile": 4.937809810362697,
    "smoothing_window": 30
  }
}