{
  "value": 0.43966740740740745,
  "params": {
    "min_prof_thr": 0.020590552464265586,
    "max_down_prop": 0.47639648957017255,
    "gain_tightening_factor": 3.3084699138875537,
    "merging_retracement_thr": 0.4630009685417774,
    "merging_time_gap_thr": 1.6762877865022119,
    "pre_entry_decay": 0.03595980004389103,
    "short_penal_decay": 2.9760814557979547,
    "trailing_stop_pct": 0.06858260078688712,
    "buy_threshold": 0.3007573930723286,
    "top_percentile": 1.801999015034726,
    "smoothing_window": 20
  }
}