{
  "value": 0.6122857407407408,
  "params": {
    "min_prof_thr": 0.03982161601600547,
    "max_down_prop": 0.30666536984828874,
    "gain_tightening_factor": 15.489389589844752,
    "merging_retracement_thr": 0.8320143096020527,
    "merging_time_gap_thr": 2.0962911315636656,
    "tau_time": 24,
    "tau_dur": 141,
    "trailing_stop_pct": 0.07722353046866287,
    "buy_threshold": 0.32501953335974787,
    "smoothing_window": 3
  }
}