{
  "value": 0.538391111111111,
  "params": {
    "min_prof_thr": 0.02267062154298908,
    "max_down_prop": 0.5820603495074239,
    "gain_tightening_factor": 4.780086921110619,
    "merging_retracement_thr": 0.4301300857047486,
    "merging_time_gap_thr": 4.823414156076581,
    "pre_entry_decay": 0.06495988657820716,
    "short_penal_decay": 5.242924422750576,
    "trailing_stop_pct": 0.030103031858837184,
    "buy_threshold": 0.3629232662152137,
    "top_percentile": 3.747775858333772,
    "smoothing_window": 10
  }
}