{
  "value": 1.3420681481481482,
  "params": {
    "min_prof_thr": 0.03283723884707225,
    "max_down_prop": 0.9753447441921899,
    "gain_tightening_factor": 38.99935109428756,
    "merging_retracement_thr": 0.665431292864517,
    "merging_time_gap_thr": 4.270105627206949,
    "tau_time": 11,
    "tau_dur": 221,
    "trailstop_pct": 0.030417967053337984,
    "buy_thresh": 0.12211674550145062,
    "beta_sat": 18,
    "smoothing_window": 1,
    "sellmin_idx": -3,
    "sess_start": "13:30:00"
  }
}