{
  "value": 0.5146022222222223,
  "params": {
    "min_prof_thr": 0.0342901435860898,
    "max_down_prop": 0.90238165742582,
    "gain_tightening_factor": 24.95286835227118,
    "merging_retracement_thr": 0.49969219278242316,
    "merging_time_gap_thr": 3.236169274940038,
    "tau_time": 13,
    "tau_dur": 204,
    "trailing_stop_pct": 0.037492180108668366,
    "buy_threshold": 0.3615539306704394,
    "smoothing_window": 15
  }
}