{
  "value": 0.5487542592592592,
  "params": {
    "min_prof_thr": 0.033607432245262775,
    "max_down_prop": 0.22684805794007437,
    "gain_tightening_factor": 4.806287026230912,
    "merging_retracement_thr": 0.455091854124283,
    "merging_time_gap_thr": 2.6025603426232986,
    "tau_time": 15,
    "tau_dur": 43,
    "trailing_stop_pct": 0.18319318885020525,
    "buy_threshold": 0.364652922244424,
    "smoothing_window": 1
  }
}