{
  "value": 0.5281827777777778,
  "params": {
    "min_prof_thr": 0.019999841226709288,
    "max_down_prop": 2.90149627416334,
    "gain_tightening_factor": 16.76426889441275,
    "merging_retracement_thr": 0.17682443764531047,
    "merging_time_gap_thr": 2.1368577059840685,
    "tau_time": 23,
    "tau_dur": 144,
    "trailing_stop_pct": 0.035875214847538944,
    "buy_threshold": 0.2332458716851719,
    "beta_sat": 16,
    "smoothing_window": 30
  }
}