{
  "value": 0.566361111111111,
  "params": {
    "min_prof_thr": 0.019103585090850802,
    "max_down_prop": 0.28203912450252394,
    "gain_tightening_factor": 4.837069640083877,
    "merging_retracement_thr": 0.47147205129475345,
    "merging_time_gap_thr": 2.3723773987121533,
    "pre_entry_decay": 0.05975539199368326,
    "short_penal_decay": 5.519406695451101,
    "trailing_stop_pct": 0.03591494414633404,
    "buy_threshold": 0.3575518248820998,
    "top_percentile": 3.6646412252247367,
    "smoothing_window": 5
  }
}