{
    "best_params": {
        "win_choice": 2,
        "rsi_min_thresh": 53.28038432106047,
        "rsi_max_thresh": 40.520464668613734,
        "adx_thresh": 16.337259776704396,
        "atr_mult": 2.692541164629916,
        "vwap_atr_mult": -3.2910330811208315,
        "buy_factor": 3.135299720340867,
        "sell_factor": 3.2518303962741117,
        "trailstop_pct": 0.2214743554071381,
        "sign_thresh_pair": "psar_dist|0.0"
    },
    "best_value": 184.1793653333333,
    "importances": {
        "win_choice": 0.38343065967667045,
        "rsi_max_thresh": 0.13868448973452338,
        "trailstop_pct": 0.1352300513343223,
        "atr_mult": 0.12869794788038916,
        "adx_thresh": 0.05361569109463815,
        "rsi_min_thresh": 0.04652640878537357,
        "sell_factor": 0.04649982603804424,
        "buy_factor": 0.03956928935521238,
        "vwap_atr_mult": 0.027745636100826178,
        "sign_thresh_pair": 0.0
    },
    "trials": [
        {
            "number": 0,
            "value": 104.28053333333337,
            "params": {
                "win_choice": 3,
                "rsi_min_thresh": 55.222773274145396,
                "rsi_max_thresh": 48.736428757212025,
                "adx_thresh": 10.859025541092112,
                "atr_mult": 1.862013994164633,
                "vwap_atr_mult": -1.7666217034585312,
                "buy_factor": 1.6043414245815604,
                "sell_factor": 2.178196463893878,
                "trailstop_pct": 0.8885116710991416,
                "sign_thresh_pair": "psar_dist|0.0"
            },
            "state": "COMPLETE"
        },
        {
            "number": 1,
            "value": 103.08138933333333,
            "params": {
                "win_choice": 3,
                "rsi_min_thresh": 51.90302733135673,
                "rsi_max_thresh": 44.52080567118975,
                "adx_thresh": 14.64647273609808,
                "atr_mult": 1.9885604341186056,
                "vwap_atr_mult": -2.707029497142382,
                "buy_factor": 4.814331013285818,
                "sell_factor": 6.336758790472153,
                "trailstop_pct": 1.4144005634159904,
                "sign_thresh_pair": "psar_dist|0.0"
            },
            "state": "COMPLETE"
        },
        {
            "number": 2,
            "value": 74.65121333333333,
            "params": {
                "win_choice": 3,
                "rsi_min_thresh": 57.33493502597068,
                "rsi_max_thresh": 42.60141324819946,
                "adx_thresh": 14.418937125279768,
                "atr_mult": 2.3388424437825583,
                "vwap_atr_mult": -3.9466242163892633,
                "buy_factor": 1.7212098133846037,
                "sell_factor": 2.8112229744421002,
                "trailstop_pct": 0.5190022182780575,
                "sign_thresh_pair": "psar_dist|0.0"
            },
            "state": "COMPLETE"
        },
        {
            "number": 3,
            "value": 139.21526933333334,
            "params": {
                "win_choice": 3,
                "rsi_min_thresh": 54.60998670685687,
                "rsi_max_thresh": 44.20683500326754,
                "adx_thresh": 14.573190326539642,
                "atr_mult": 1.3148218552770805,
                "vwap_atr_mult": -4.206760554123963,
                "buy_factor": 3.9901478964448396,
                "sell_factor": 4.24314306134516,
                "trailstop_pct": 0.6283546734910285,
                "sign_thresh_pair": "psar_dist|0.0"
            },
            "state": "COMPLETE"
        },
        {
            "number": 4,
            "value": 121.787632,
            "params": {
                "win_choice": 3,
                "rsi_min_thresh": 54.80789405509131,
                "rsi_max_thresh": 44.91988519536637,
                "adx_thresh": 18.9082645497371,
                "atr_mult": 1.3497060848396143,
                "vwap_atr_mult": -3.803140191180335,
                "buy_factor": 1.3802667332475287,
                "sell_factor": 5.460210907056126,
                "trailstop_pct": 1.7910719117617304,
                "sign_thresh_pair": "psar_dist|0.0"
            },
            "state": "COMPLETE"
        },
        {
            "number": 5,
            "value": 114.94712533333333,
            "params": {
                "win_choice": 3,
                "rsi_min_thresh": 57.416645916971966,
                "rsi_max_thresh": 47.335575787479975,
                "adx_thresh": 16.94267634643457,
                "atr_mult": 1.5759653803233784,
                "vwap_atr_mult": -4.75832964317441,
                "buy_factor": 2.209508475546254,
                "sell_factor": 4.1679370257827735,
                "trailstop_pct": 1.3844930277224696,
                "sign_thresh_pair": "psar_dist|0.0"
            },
            "state": "COMPLETE"
        },
        {
            "number": 6,
            "value": 136.54338933333335,
            "params": {
                "win_choice": 2,
                "rsi_min_thresh": 50.14035493051876,
                "rsi_max_thresh": 46.6286839231158,
                "adx_thresh": 11.057448649864881,
                "atr_mult": 2.8742652760150182,
                "vwap_atr_mult": -2.704615704542781,
                "buy_factor": 2.0149039481072952,
                "sell_factor": 2.477084055699064,
                "trailstop_pct": 1.989014632949564,
                "sign_thresh_pair": "psar_dist|0.0"
            },
            "state": "COMPLETE"
        },
        {
            "number": 7,
            "value": 85.87142133333333,
            "params": {
                "win_choice": 3,
                "rsi_min_thresh": 59.06757074659299,
                "rsi_max_thresh": 42.674830996919994,
                "adx_thresh": 11.953320492780893,
                "atr_mult": 2.195598982370343,
                "vwap_atr_mult": -4.711505697872027,
                "buy_factor": 4.606810115398381,
                "sell_factor": 4.2270121537412,
                "trailstop_pct": 1.8837164398585555,
                "sign_thresh_pair": "psar_dist|0.0"
            },
            "state": "COMPLETE"
        },
        {
            "number": 8,
            "value": 89.47946133333336,
            "params": {
                "win_choice": 3,
                "rsi_min_thresh": 51.07322959367874,
                "rsi_max_thresh": 46.660500157355116,
                "adx_thresh": 18.266491233527734,
                "atr_mult": 1.8233783053697004,
                "vwap_atr_mult": -1.0918505531391731,
                "buy_factor": 1.8972951108775713,
                "sell_factor": 6.416814752070762,
                "trailstop_pct": 1.7595030829170384,
                "sign_thresh_pair": "psar_dist|0.0"
            },
            "state": "COMPLETE"
        },
        {
            "number": 9,
            "value": 182.64025333333333,
            "params": {
                "win_choice": 2,
                "rsi_min_thresh": 51.68842373418399,
                "rsi_max_thresh": 48.81014222879263,
                "adx_thresh": 16.09029920441813,
                "atr_mult": 2.170381173202097,
                "vwap_atr_mult": -3.0041584244877146,
                "buy_factor": 2.374978898192524,
                "sell_factor": 3.0441885126224424,
                "trailstop_pct": 1.4454867600358134,
                "sign_thresh_pair": "psar_dist|0.0"
            },
            "state": "COMPLETE"
        },
        {
            "number": 10,
            "value": 184.1793653333333,
            "params": {
                "win_choice": 2,
                "rsi_min_thresh": 53.28038432106047,
                "rsi_max_thresh": 40.520464668613734,
                "adx_thresh": 16.337259776704396,
                "atr_mult": 2.692541164629916,
                "vwap_atr_mult": -3.2910330811208315,
                "buy_factor": 3.135299720340867,
                "sell_factor": 3.2518303962741117,