{
  "value": 0.347762037037037,
  "params": {
    "min_prof_thr": 0.025548124072636475,
    "max_down_prop": 0.4205493001556972,
    "gain_tightening_factor": 8.638809858363013,
    "merging_retracement_thr": 0.6117266783751101,
    "merging_time_gap_thr": 4.980290103857492,
    "pre_entry_decay": 0.02239933272456076,
    "short_penal_decay": 5.752009057938731,
    "trailing_stop_pct": 0.08640364024635101,
    "buy_threshold": 0.3823568625124919,
    "top_percentile": 6.1069523332340285,
    "smoothing_window": 45
  }
}