{
  "value": 0.27220444444444447,
  "params": {
    "min_prof_thr": 0.042618462917078936,
    "max_down_prop": 0.3731669543000845,
    "gain_tightening_factor": 3.020390698820545,
    "merging_retracement_thr": 0.3277083718947219,
    "merging_time_gap_thr": 3.1777045514411153,
    "pre_entry_decay": 0.03052381591791358,
    "short_penal_decay": 3.078099243553356,
    "trailing_stop_pct": 0.23927650082976176,
    "buy_threshold": 0.5564664862218826,
    "top_percentile": 4.296718890921696,
    "smoothing_window": 60
  }
}