{
    "best_params": {
        "min_prof_thr": 0.40143742010799965,
        "max_down_prop": 0.8869933995326877,
        "gain_tightfact": 7.761665491624056,
        "tau_time": 23.425558910103614,
        "tau_dur": 172.49218284077503,
        "rsi_min_thresh": 49.392751566078665,
        "rsi_max_thresh": 58.22661814003596,
        "adx_thresh": 27.68899784539232,
        "atr_mult": 7.899342858804049,
        "vwap_atr_mult": 1.2805219409922104,
        "buy_factor": 3.7800840719837043,
        "sell_factor": 5.899441680839712,
        "trailstop_pct": 2.8407601330382075,
        "sign_thresh_pair": "cci_20|0.0"
    },
    "best_value": 309.56449333333336,
    "importances": {},
    "trials": [
        {
            "number": 0,
            "value": 309.56449333333336,
            "params": {
                "min_prof_thr": 0.40143742010799965,
                "max_down_prop": 0.8869933995326877,
                "gain_tightfact": 7.761665491624056,
                "tau_time": 23.425558910103614,
                "tau_dur": 172.49218284077503,
                "rsi_min_thresh": 49.392751566078665,
                "rsi_max_thresh": 58.22661814003596,
                "adx_thresh": 27.68899784539232,
                "atr_mult": 7.899342858804049,
                "vwap_atr_mult": 1.2805219409922104,
                "buy_factor": 3.7800840719837043,
                "sell_factor": 5.899441680839712,
                "trailstop_pct": 2.8407601330382075,
                "sign_thresh_pair": "cci_20|0.0"
            },
            "state": "COMPLETE"
        }
    ]
}