{
  "value": 0.45608055555555554,
  "params": {
    "min_prof_thr": 0.04190263343991938,
    "max_down_prop": 0.3254692616047628,
    "gain_tightening_factor": 3.165934190339374,
    "merging_retracement_thr": 0.16180862452622266,
    "merging_time_gap_thr": 1.5985281794270567,
    "pre_entry_decay": 0.015629113426371334,
    "short_penal_decay": 2.326244111557537,
    "trailing_stop_pct": 0.062337473464865095,
    "buy_threshold": 0.11872532788885932,
    "top_percentile": 0.9805406429949215,
    "smoothing_window": 2
  }
}