{
  "value": 0.3682827777777778,
  "params": {
    "min_prof_thr": 0.05661577328515651,
    "max_down_prop": 0.5745579887301168,
    "gain_tightening_factor": 2.2994477149116137,
    "merging_retracement_thr": 0.16205503641065283,
    "merging_time_gap_thr": 1.2435238479546227,
    "pre_entry_decay": 0.029416534684173497,
    "short_penal_decay": 7.4622894431198965,
    "trailing_stop_pct": 0.07292227182447661,
    "buy_threshold": 0.4142578131245052,
    "top_percentile": 4.128305148967275,
    "smoothing_window": 45
  }
}