{
  "value": 0.7674487037037037,
  "params": {
    "min_prof_thr": 0.04676209410788589,
    "max_down_prop": 0.27417683809650206,
    "gain_tightening_factor": 1.68560307209169,
    "merging_retracement_thr": 0.1205243431040408,
    "merging_time_gap_thr": 0.8655200069893025,
    "pre_entry_decay": 0.09188316099986563,
    "short_penal_decay": 2.8873678626341723,
    "trailing_stop_pct": 0.010600251980149711,
    "buy_threshold": 0.33669500177161493,
    "top_percentile": 1.4531185403580023
  }
}