{
    "best_params": {
        "min_prof_thr": 0.0033906770305797175,
        "max_down_prop": 0.003273956225087321,
        "gain_tightfact": 0.03916162520791001,
        "tau_time": 8.047276512838748,
        "tau_dur": 6.14210308499454,
        "thresh_choice": "median",
        "reset_peak": false,
        "rsi_min_thresh": 4,
        "rsi_max_thresh": 94,
        "adx_thresh": 8.560820007205496,
        "atr_mult": 0.14217682430410913,
        "vwap_atr_mult": 0.18350640874572402,
        "buy_factor": 0.00338483681602703,
        "sell_factor": 0.0032225261899188227,
        "trailstop_pct": 15.085648858273782
    },
    "best_value": 214511643147.06104,
    "importances": {
        "sell_factor": 0.2980444878930985,
        "min_prof_thr": 0.28881466235823994,
        "trailstop_pct": 0.13159660682763746,
        "gain_tightfact": 0.05129756115345602,
        "tau_dur": 0.04669244103305277,
        "max_down_prop": 0.033055344356073435,
        "adx_thresh": 0.03181792032912403,
        "atr_mult": 0.03135719083369854,
        "rsi_min_thresh": 0.030337732351819153,
        "vwap_atr_mult": 0.020103290513085667,
        "thresh_choice": 0.013958560896583844,
        "tau_time": 0.013246977745866233,
        "buy_factor": 0.008463911555778188,
        "rsi_max_thresh": 0.0012133121524861793,
        "reset_peak": 0.0
    },
    "trials": [
        {
            "number": 0,
            "value": 1519.1443439999998,
            "params": {
                "min_prof_thr": 0.008170284596219053,
                "max_down_prop": 0.004938848536936446,
                "gain_tightfact": 0.051125021888757574,
                "tau_time": 8.906307585056695,
                "tau_dur": 5.5394197356940476,
                "thresh_choice": "p99",
                "reset_peak": false,
                "rsi_min_thresh": 5,
                "rsi_max_thresh": 91,
                "adx_thresh": 7.556750954265294,
                "atr_mult": 0.12506729441318598,
                "vwap_atr_mult": -0.5110256157495994,
                "buy_factor": 0.009798825370611643,
                "sell_factor": 0.009177240876363159,
                "trailstop_pct": 7.558668709628207
            },
            "state": "COMPLETE"
        },
        {
            "number": 1,
            "value": 148230870965.783,
            "params": {
                "min_prof_thr": 0.00401066534332639,
                "max_down_prop": 0.0027889104608801443,
                "gain_tightfact": 0.04741361126637858,
                "tau_time": 8.398673445658815,
                "tau_dur": 6.764091324797355,
                "thresh_choice": "mean",
                "reset_peak": false,
                "rsi_min_thresh": 3,
                "rsi_max_thresh": 89,
                "adx_thresh": 8.936059813048843,
                "atr_mult": 0.1345009242387048,
                "vwap_atr_mult": -1.272826546186622,
                "buy_factor": 0.009114012455694251,
                "sell_factor": 0.007986813340822997,
                "trailstop_pct": 20.473019457758873
            },
            "state": "COMPLETE"
        },
        {
            "number": 2,
            "value": 149776472780.87115,
            "params": {
                "min_prof_thr": 0.007990090350038958,
                "max_down_prop": 0.002489590535613262,
                "gain_tightfact": 0.05190898679992855,
                "tau_time": 9.300436884501003,
                "tau_dur": 5.894262908771289,
                "thresh_choice": "median_nonzero",
                "reset_peak": false,
                "rsi_min_thresh": 5,
                "rsi_max_thresh": 81,
                "adx_thresh": 8.827432958146504,
                "atr_mult": 0.11613644887823821,
                "vwap_atr_mult": -1.1727001473720926,
                "buy_factor": 0.0017182465775582544,
                "sell_factor": 0.0035559762104478134,
                "trailstop_pct": 20.35106964016349
            },
            "state": "COMPLETE"
        },
        {
            "number": 3,
            "value": 223772.65772533332,
            "params": {
                "min_prof_thr": 0.008083878590070204,
                "max_down_prop": 0.0024108115384395452,
                "gain_tightfact": 0.04968694511709254,
                "tau_time": 9.12101525839434,
                "tau_dur": 5.889842762582116,
                "thresh_choice": "p95",
                "reset_peak": false,
                "rsi_min_thresh": 0,
                "rsi_max_thresh": 82,
                "adx_thresh": 8.878600250980451,
                "atr_mult": 0.17813090724040015,
                "vwap_atr_mult": 0.9219225311715435,
                "buy_factor": 0.004899753960685486,
                "sell_factor": 0.007312726746049211,
                "trailstop_pct": 14.974786568168097
            },
            "state": "COMPLETE"
        },
        {
            "number": 4,
            "value": 189994714751.16843,
            "params": {
                "min_prof_thr": 0.0016502931541146192,
                "max_down_prop": 0.0032167109661988555,
                "gain_tightfact": 0.03804190801703527,
                "tau_time": 8.012935800991118,
                "tau_dur": 6.3280282716173275,
                "thresh_choice": "mean",
                "reset_peak": false,
                "rsi_min_thresh": 5,
                "rsi_max_thresh": 96,
                "adx_thresh": 8.620543121612243,
                "atr_mult": 0.13388139290045598,
                "vwap_atr_mult": 0.10670867525836547,
                "buy_factor": 0.00484417858716539,
                "sell_factor": 0.0010078240067641808,
                "trailstop_pct": 20.444463770790705
            },
            "state": "COMPLETE"
        },
        {
            "number": 5,
            "value": 187502727820.3192,
            "params": {
                "min_prof_thr": 0.0026877247498952248,
                "max_down_prop": 0.003087963439663311,
                "gain_tightfact": 0.03219877376652573,
                "tau_time": 8.360072408490558,
                "tau_dur": 5.942805854474266,
                "thresh_choice": "median",
                "reset_peak": false,
                "rsi_min_thresh": 0,
                "rsi_max_thresh": 86,
                "adx_thresh": 8.895068074225644,
                "atr_mult": 0.1526847005606631,
                "vwap_atr_mult": 0.675104694620035,
                "buy_factor": 0.003115032859796247,
                "sell_factor": 0.0026441196070145596,
                "trailstop_pct": 15.96900552688945
            },
            "state": "COMPLETE"
        },
        {
            "number": 6,
            "value": 176118.540144,
            "params": {
                "min_prof_thr": 0.008655191845985268,
                "max_down_prop": 0.0037208695846993626,
                "gain_tightfact": 0.05831423790554044,
                "tau_time": 8.080502706974706,
                "tau_dur": 5.738001107179247,
                "thresh_choice": "roll_p95",
                "thresh_window": 165,
                "reset_peak": false,
                "rsi_min_thresh": 1,
                "rsi_max_thresh": 85,
                "adx_thresh": 7.96328466575539,
                "atr_mult": 0.12700619998844787,
                "vwap_atr_mult": 0.7092837984470046,
                "buy_factor": 0.0017067513485480791,
                "sell_factor": 0.009065565057307684,
                "trailstop_pct": 8.231715132430148
            },
            "state": "COMPLETE"
        },
        {
            "number": 7,
            "value": 414266169.25472534,
            "params": {
                "min_prof_thr": 0.006405295319931661,
                "max_down_prop": 0.003791366372498799,
                "gain_tightfact": 0.05922403098127533,
                "tau_time": 8.263562009193034,
                "tau_dur": 6.334177547093731,
                "thresh_choice": "numeric",