{
  "value": 0.6066029629629629,
  "params": {
    "min_prof_thr": 0.013201793690311086,
    "max_down_prop": 0.18450905423913064,
    "gain_tightening_factor": 5.885088622091102,
    "merging_retracement_thr": 0.42497856442650017,
    "merging_time_gap_thr": 2.352886138908878,
    "pre_entry_decay": 0.05710721853247531,
    "short_penal_decay": 5.386582090038126,
    "trailing_stop_pct": 0.053262180026285716,
    "buy_threshold": 0.4028769523391876,
    "top_percentile": 3.8648502287940367,
    "smoothing_window": 3
  }
}