{
    "best_params": {
        "reset_peak": false,
        "rsi_min_thresh": 32,
        "rsi_max_thresh": 48,
        "adx_thresh": 54.804642209364424,
        "atr_mult": 17.727475709566153,
        "vwap_atr_mult": 0.6951992000826892,
        "buy_factor": 0.8470451472764279,
        "sell_factor": 0.04047630798980779,
        "trailstop_pct": 18.65843603494694,
        "sign_thresh_pair": "ema_3|ema_8"
    },
    "best_value": 74.8590773333333,
    "importances": {
        "adx_thresh": 0.19999999999999993,
        "sell_factor": 0.1714285714285714,
        "atr_mult": 0.14285714285714285,
        "rsi_max_thresh": 0.14285714285714282,
        "rsi_min_thresh": 0.11428571428571425,
        "buy_factor": 0.11428571428571425,
        "vwap_atr_mult": 0.05714285714285713,
        "trailstop_pct": 0.05714285714285713,
        "sign_thresh_pair": 0.0,
        "reset_peak": 0.0
    },
    "trials": [
        {
            "number": 0,
            "value": 73.06305866666666,
            "params": {
                "reset_peak": false,
                "rsi_min_thresh": 38,
                "rsi_max_thresh": 51,
                "adx_thresh": 54.46034420375542,
                "atr_mult": 18.393316928468263,
                "vwap_atr_mult": 0.035369959631080694,
                "buy_factor": 0.7008793510333894,
                "sell_factor": 0.045631610069009815,
                "trailstop_pct": 26.79507261125593,
                "sign_thresh_pair": "ema_3|ema_8"
            },
            "state": "COMPLETE"
        },
        {
            "number": 1,
            "value": 74.8590773333333,
            "params": {
                "reset_peak": false,
                "rsi_min_thresh": 32,
                "rsi_max_thresh": 48,
                "adx_thresh": 54.804642209364424,
                "atr_mult": 17.727475709566153,
                "vwap_atr_mult": 0.6951992000826892,
                "buy_factor": 0.8470451472764279,
                "sell_factor": 0.04047630798980779,
                "trailstop_pct": 18.65843603494694,
                "sign_thresh_pair": "ema_3|ema_8"
            },
            "state": "COMPLETE"
        }
    ]
}