{
  "value": 0.603392037037037,
  "params": {
    "min_prof_thr": 0.011456334720060397,
    "max_down_prop": 0.2924848958256459,
    "gain_tightening_factor": 4.173602245000355,
    "merging_retracement_thr": 0.2946931930268146,
    "merging_time_gap_thr": 2.607365676141128,
    "pre_entry_decay": 0.06649356853023025,
    "short_penal_decay": 5.711977803688765,
    "trailing_stop_pct": 0.030419330512624545,
    "buy_threshold": 0.37301706848485516,
    "top_percentile": 3.6994233230398907,
    "smoothing_window": 3
  }
}