{
  "value": 1.3638303703703702,
  "params": {
    "min_prof_thr": 0.02815140836980633,
    "max_down_prop": 0.9916339599930499,
    "gain_tightening_factor": 37.60386912323641,
    "merging_retracement_thr": 0.654636576198762,
    "merging_time_gap_thr": 4.51287444098204,
    "tau_time": 11,
    "tau_dur": 214,
    "trailstop_pct": 0.03032898522337687,
    "buy_thresh": 0.11346802752966226,
    "beta_sat": 18,
    "smoothing_window": 1,
    "sellmin_idx": -3,
    "sess_start": "13:30:00"
  }
}