{
  "value": 0.7678692592592594,
  "params": {
    "min_prof_thr": 0.046439438883589014,
    "max_down_prop": 0.2884245729845094,
    "gain_tightening_factor": 1.6147636627338509,
    "merging_retracement_thr": 0.12037992059260462,
    "merging_time_gap_thr": 0.8580676346780866,
    "pre_entry_decay": 0.09181823937283363,
    "short_penal_decay": 2.895607367123946,
    "trailing_stop_pct": 0.010979645761612089,
    "buy_threshold": 0.3397125963134602,
    "top_percentile": 1.4308748414454522
  }
}