{
  "value": 0.5286009259259259,
  "params": {
    "min_prof_thr": 0.022289337288257476,
    "max_down_prop": 2.7737628243319876,
    "gain_tightening_factor": 16.1784728315704,
    "merging_retracement_thr": 0.18883105680901563,
    "merging_time_gap_thr": 1.7975268684243897,
    "tau_time": 22,
    "tau_dur": 142,
    "trailing_stop_pct": 0.030258621872059355,
    "buy_threshold": 0.2159937267079531,
    "beta_sat": 15,
    "smoothing_window": 30
  }
}