{
    "best_params": {
        "min_prof_thr": 0.00737370945403429,
        "max_down_prop": 0.004206680168783195,
        "gain_tightfact": 0.04617287012304473,
        "tau_time": 8.271977799410111,
        "tau_dur": 6.775582130424517,
        "thresh_mode": "median_nonzero",
        "reset_peak": false,
        "rsi_min_thresh": 1,
        "rsi_max_thresh": 97,
        "adx_thresh": 8.51744547028883,
        "atr_mult": 0.1593534127075068,
        "vwap_atr_mult": -0.23860383944347996,
        "buy_factor": 0.007629453468214363,
        "sell_factor": 0.004059497642945192,
        "trailstop_pct": 15.380508242910004
    },
    "best_value": 238012600103.99646,
    "importances": {
        "tau_time": 0.34848763039653874,
        "buy_factor": 0.28171445741989565,
        "trailstop_pct": 0.07860832524099573,
        "max_down_prop": 0.07098495287815694,
        "sell_factor": 0.047326238443922766,
        "gain_tightfact": 0.04125154297053311,
        "rsi_max_thresh": 0.035797356704000576,
        "vwap_atr_mult": 0.03497555184779224,
        "atr_mult": 0.033413257415930916,
        "rsi_min_thresh": 0.01907749089540738,
        "min_prof_thr": 0.004295196588474572,
        "adx_thresh": 0.0031812867203988146,
        "tau_dur": 0.0008867124779525933,
        "thresh_mode": 0.0,
        "reset_peak": 0.0
    },
    "trials": [
        {
            "number": 0,
            "value": 146030117070.03088,
            "params": {
                "min_prof_thr": 0.0017325707638761296,
                "max_down_prop": 0.002623923302003498,
                "gain_tightfact": 0.0472240648683914,
                "tau_time": 9.373221695810313,
                "tau_dur": 5.595099644338981,
                "thresh_mode": "median_nonzero",
                "reset_peak": false,
                "rsi_min_thresh": 1,
                "rsi_max_thresh": 99,
                "adx_thresh": 8.260936871176884,
                "atr_mult": 0.1594248193721198,
                "vwap_atr_mult": -2.507544474435597,
                "buy_factor": 0.006714180855619642,
                "sell_factor": 0.0025084191044528917,
                "trailstop_pct": 11.342268894306217
            },
            "state": "COMPLETE"
        },
        {
            "number": 1,
            "value": 141617070227.41638,
            "params": {
                "min_prof_thr": 0.0035757524154969647,
                "max_down_prop": 0.003795861862810361,
                "gain_tightfact": 0.03937810336873848,
                "tau_time": 9.164830040840581,
                "tau_dur": 6.9720200038896785,
                "thresh_mode": "median_nonzero",
                "reset_peak": false,
                "rsi_min_thresh": 5,
                "rsi_max_thresh": 79,
                "adx_thresh": 8.667770741288061,
                "atr_mult": 0.1634134096249963,
                "vwap_atr_mult": -1.5473227443271176,
                "buy_factor": 0.005793581735202797,
                "sell_factor": 0.008147013308960286,
                "trailstop_pct": 7.160946518178946
            },
            "state": "COMPLETE"
        },
        {
            "number": 2,
            "value": 143917932491.22314,
            "params": {
                "min_prof_thr": 0.0019960949699210596,
                "max_down_prop": 0.0022482238969859336,
                "gain_tightfact": 0.052351986393714786,
                "tau_time": 9.269176304951202,
                "tau_dur": 5.782178503029863,
                "thresh_mode": "median_nonzero",
                "reset_peak": false,
                "rsi_min_thresh": 4,
                "rsi_max_thresh": 83,
                "adx_thresh": 7.604581496289105,
                "atr_mult": 0.16977222350789245,
                "vwap_atr_mult": -0.38368236873625516,
                "buy_factor": 0.006755552151496474,
                "sell_factor": 0.009893356610076932,
                "trailstop_pct": 6.5178360174579115
            },
            "state": "COMPLETE"
        },
        {
            "number": 3,
            "value": 146391193594.5223,
            "params": {
                "min_prof_thr": 0.007445843149297279,
                "max_down_prop": 0.0029877415181587177,
                "gain_tightfact": 0.05517552940258651,
                "tau_time": 9.24507230831949,
                "tau_dur": 5.579833733142027,
                "thresh_mode": "median_nonzero",
                "reset_peak": false,
                "rsi_min_thresh": 0,
                "rsi_max_thresh": 91,
                "adx_thresh": 8.87174573573233,
                "atr_mult": 0.17945462893784747,
                "vwap_atr_mult": -0.8699724518936773,
                "buy_factor": 0.005206177538671821,
                "sell_factor": 0.0037755715202544993,
                "trailstop_pct": 7.247753638882362
            },
            "state": "COMPLETE"
        },
        {
            "number": 4,
            "value": 172012960990.15366,
            "params": {
                "min_prof_thr": 0.0010964810752264835,
                "max_down_prop": 0.00316343449889205,
                "gain_tightfact": 0.038118007353840896,
                "tau_time": 9.040924046917688,
                "tau_dur": 6.906636920116231,
                "thresh_mode": "median_nonzero",
                "reset_peak": false,
                "rsi_min_thresh": 3,
                "rsi_max_thresh": 96,
                "adx_thresh": 8.975362086433398,
                "atr_mult": 0.12486341112822238,
                "vwap_atr_mult": -0.3634855055179438,
                "buy_factor": 0.0032319248674828284,
                "sell_factor": 0.00668914648323118,
                "trailstop_pct": 23.263840272423877
            },
            "state": "COMPLETE"
        },
        {
            "number": 5,
            "value": 206456379513.05276,
            "params": {
                "min_prof_thr": 0.006168651865307377,
                "max_down_prop": 0.0022444470786566633,
                "gain_tightfact": 0.0523483823109363,
                "tau_time": 8.43494340761577,
                "tau_dur": 6.445066818441274,
                "thresh_mode": "median_nonzero",
                "reset_peak": false,
                "rsi_min_thresh": 2,
                "rsi_max_thresh": 96,
                "adx_thresh": 8.958348796274873,
                "atr_mult": 0.19268991225943716,
                "vwap_atr_mult": -2.2190536130379646,
                "buy_factor": 0.007552252240856726,
                "sell_factor": 0.0037848950482922204,
                "trailstop_pct": 19.658021977106223
            },
            "state": "COMPLETE"
        },
        {
            "number": 6,
            "value": 228696861457.95914,
            "params": {
                "min_prof_thr": 0.001683355349370499,
                "max_down_prop": 0.0022122329006132964,
                "gain_tightfact": 0.0480818674953581,
                "tau_time": 8.656527804401785,
                "tau_dur": 5.548149099651595,
                "thresh_mode": "median_nonzero",
                "reset_peak": false,
                "rsi_min_thresh": 1,
                "rsi_max_thresh": 96,
                "adx_thresh": 7.770837116352385,
                "atr_mult": 0.10935262957643571,
                "vwap_atr_mult": -0.7703491451561737,
                "buy_factor": 0.009728481979855166,
                "sell_factor": 0.009885173664187397,
                "trailstop_pct": 16.027715986914636
            },
            "state": "COMPLETE"
        },
        {
            "number": 7,
            "value": 152471883828.75937,
            "params": {
                "min_prof_thr": 0.004598134214084506,
                "max_down_prop": 0.002738310379791282,
                "gain_tightfact": 0.048252987774689005,
                "tau_time": 9.256334743106953,
                "tau_dur": 5.946015442263252,
                "thresh_mode": "median_nonzero",
                "reset_peak": false,