{
    "best_params": {
        "reset_peak": true,
        "rsi_min_thresh": 20,
        "rsi_max_thresh": 472,
        "adx_thresh": 14.62393052629947,
        "atr_mult": 25.798452791506246,
        "vwap_atr_mult": 4.359315890477213,
        "buy_factor": 0.44471034218889904,
        "sell_factor": 0.025198167253882187,
        "trailstop_pct": 24.658304617451094,
        "thresh_choice": "roll_p90",
        "thresh_window": 5
    },
    "best_value": -49.35100133155794,
    "importances": {
        "reset_peak": 0.7429368980900675,
        "sell_factor": 0.09291518999081393,
        "adx_thresh": 0.0480292003373098,
        "rsi_min_thresh": 0.03327465262927233,
        "thresh_window": 0.03322553729679152,
        "trailstop_pct": 0.01659516304819616,
        "rsi_max_thresh": 0.01612024588037032,
        "atr_mult": 0.01589903544752837,
        "buy_factor": 0.0005935820217916714,
        "vwap_atr_mult": 0.0004104952578584081,
        "thresh_choice": 0.0
    },
    "trials": [
        {
            "number": 0,
            "value": -404.6205233022637,
            "params": {
                "reset_peak": false,
                "rsi_min_thresh": 23,
                "rsi_max_thresh": 596,
                "adx_thresh": 13.208830269564078,
                "atr_mult": 28.33746840229387,
                "vwap_atr_mult": 8.659648016125157,
                "buy_factor": 0.3649753505005778,
                "sell_factor": 0.08987637349806095,
                "trailstop_pct": 38.98819163951333,
                "thresh_choice": "roll_p90",
                "thresh_window": 24
            },
            "state": "COMPLETE"
        },
        {
            "number": 1,
            "value": -412.0808069241012,
            "params": {
                "reset_peak": false,
                "rsi_min_thresh": 22,
                "rsi_max_thresh": 322,
                "adx_thresh": 8.0506695193681,
                "atr_mult": 27.096360527892266,
                "vwap_atr_mult": 5.4051757577427715,
                "buy_factor": 0.5327621559691132,
                "sell_factor": 0.058468113008509015,
                "trailstop_pct": 23.808909919792548,
                "thresh_choice": "roll_p90",
                "thresh_window": 26
            },
            "state": "COMPLETE"
        },
        {
            "number": 2,
            "value": -61.06109587217044,
            "params": {
                "reset_peak": true,
                "rsi_min_thresh": 21,
                "rsi_max_thresh": 221,
                "adx_thresh": 15.74840983884701,
                "atr_mult": 27.546598786011486,
                "vwap_atr_mult": 3.7795005463603415,
                "buy_factor": 0.5230207220423897,
                "sell_factor": 0.0029380763833784917,
                "trailstop_pct": 20.47983419119297,
                "thresh_choice": "roll_p90",
                "thresh_window": 10
            },
            "state": "COMPLETE"
        },
        {
            "number": 3,
            "value": -116.77785219707059,
            "params": {
                "reset_peak": true,
                "rsi_min_thresh": 25,
                "rsi_max_thresh": 245,
                "adx_thresh": 13.183545055841677,
                "atr_mult": 28.22861151330328,
                "vwap_atr_mult": 9.825299068348249,
                "buy_factor": 0.5366050579647434,
                "sell_factor": 0.013273884876534841,
                "trailstop_pct": 34.68606553643602,
                "thresh_choice": "roll_p90",
                "thresh_window": 29
            },
            "state": "COMPLETE"
        },
        {
            "number": 4,
            "value": -412.44019041278295,
            "params": {
                "reset_peak": false,
                "rsi_min_thresh": 30,
                "rsi_max_thresh": 756,
                "adx_thresh": 11.21986955324079,
                "atr_mult": 28.625725150119266,
                "vwap_atr_mult": 7.704771587355803,
                "buy_factor": 0.37657811871699015,
                "sell_factor": 0.002381885777463436,
                "trailstop_pct": 37.04591621611902,
                "thresh_choice": "roll_p90",
                "thresh_window": 12
            },
            "state": "COMPLETE"
        },
        {
            "number": 5,
            "value": -133.11057856191744,
            "params": {
                "reset_peak": true,
                "rsi_min_thresh": 28,
                "rsi_max_thresh": 232,
                "adx_thresh": 12.678710530450967,
                "atr_mult": 23.399481015090956,
                "vwap_atr_mult": 2.8159627495980764,
                "buy_factor": 0.5695627758327743,
                "sell_factor": 0.008121421897217998,
                "trailstop_pct": 30.270379899206763,
                "thresh_choice": "roll_p90",
                "thresh_window": 28
            },
            "state": "COMPLETE"
        },
        {
            "number": 6,
            "value": -409.49245872170434,
            "params": {
                "reset_peak": false,
                "rsi_min_thresh": 29,
                "rsi_max_thresh": 85,
                "adx_thresh": 13.514559296131907,
                "atr_mult": 24.604692372716837,
                "vwap_atr_mult": 1.220049453540728,
                "buy_factor": 0.5338494928333108,
                "sell_factor": 0.07445794316661641,
                "trailstop_pct": 32.75044923851482,
                "thresh_choice": "roll_p90",
                "thresh_window": 20
            },
            "state": "COMPLETE"
        },
        {
            "number": 7,
            "value": -407.62576298268976,
            "params": {
                "reset_peak": false,
                "rsi_min_thresh": 25,
                "rsi_max_thresh": 125,
                "adx_thresh": 11.22003601433817,
                "atr_mult": 27.509395231333333,
                "vwap_atr_mult": 6.459776608655711,
                "buy_factor": 0.5847039578717756,
                "sell_factor": 0.05978467743629645,
                "trailstop_pct": 36.21716307232076,
                "thresh_choice": "roll_p90",
                "thresh_window": 29
            },
            "state": "COMPLETE"
        },
        {
            "number": 8,
            "value": -105.43043075898801,
            "params": {
                "reset_peak": true,
                "rsi_min_thresh": 25,
                "rsi_max_thresh": 275,
                "adx_thresh": 12.36042051048114,
                "atr_mult": 24.046795149979253,
                "vwap_atr_mult": 3.2460300351201536,
                "buy_factor": 0.3724578035895913,
                "sell_factor": 0.04095069317790487,
                "trailstop_pct": 24.3239843486022,
                "thresh_choice": "roll_p90",
                "thresh_window": 16
            },
            "state": "COMPLETE"
        },
        {
            "number": 9,
            "value": -402.5362276964048,
            "params": {
                "reset_peak": false,
                "rsi_min_thresh": 29,
                "rsi_max_thresh": 646,
                "adx_thresh": 12.193180650358148,
                "atr_mult": 31.689714371088467,
                "vwap_atr_mult": 2.2417904287162465,
                "buy_factor": 0.3972053430619175,
                "sell_factor": 0.09993789305468416,
                "trailstop_pct": 29.427021691403766,
                "thresh_choice": "roll_p90",
                "thresh_window": 20
            },
            "state": "COMPLETE"
        },
        {
            "number": 10,
            "value": -55.80488082556591,
            "params": {
                "reset_peak": true,
                "rsi_min_thresh": 20,
                "rsi_max_thresh": 460,
                "adx_thresh": 15.895291876589708,
                "atr_mult": 25.66370939674159,
                "vwap_atr_mult": 5.008830492877604,
                "buy_factor": 0.46283643395428886,