{
  "value": 0.41155370370370375,
  "params": {
    "min_prof_thr": 0.0857787885670263,
    "max_down_prop": 0.41969537667914747,
    "gain_tightening_factor": 1.4912184372494344,
    "merging_retracement_thr": 0.3136452873669199,
    "merging_time_gap_thr": 1.272139182069602,
    "pre_entry_decay": 0.02561370140497398,
    "short_penal_decay": 3.373503020910477,
    "trailing_stop_pct": 0.09553478749478002,
    "buy_threshold": 0.4133665434882088,
    "top_percentile": 2.3000343019689353,
    "smoothing_window": 15
  }
}