{
  "value": 1.389531111111111,
  "params": {
    "min_prof_thr": 0.02594269684355002,
    "max_down_prop": 0.8591344863026342,
    "gain_tightening_factor": 36.29620818119744,
    "merging_retracement_thr": 0.3859497804687011,
    "merging_time_gap_thr": 4.81073871049978,
    "tau_time": 8,
    "tau_dur": 229,
    "trailstop_pct": 0.030364600350609013,
    "buy_thresh": 0.11078059499255467,
    "beta_sat": 17,
    "smoothing_window": 1,
    "sellmin_idx": null,
    "sess_start": "13:30:00"
  }
}