{
    "best_params": {
        "min_prof_thr": 0.004609115735743291,
        "max_down_prop": 0.004353725071523058,
        "gain_tightfact": 0.040666903425050756,
        "tau_time": 8.246338672057938,
        "tau_dur": 6.395814401509184,
        "thresh_mode": "median_nonzero",
        "reset_peak": false,
        "rsi_min_thresh": 3,
        "rsi_max_thresh": 84,
        "adx_thresh": 8.9240302670569,
        "atr_mult": 0.14775832645330086,
        "vwap_atr_mult": 0.18357981737256912,
        "buy_factor": 0.007538836476796388,
        "sell_factor": 0.002358078306488619,
        "trailstop_pct": 15.502674653575564
    },
    "best_value": 245376368087.31308,
    "importances": {},
    "trials": [
        {
            "number": 0,
            "value": 245376368087.31308,
            "params": {
                "min_prof_thr": 0.004609115735743291,
                "max_down_prop": 0.004353725071523058,
                "gain_tightfact": 0.040666903425050756,
                "tau_time": 8.246338672057938,
                "tau_dur": 6.395814401509184,
                "thresh_mode": "median_nonzero",
                "reset_peak": false,
                "rsi_min_thresh": 3,
                "rsi_max_thresh": 84,
                "adx_thresh": 8.9240302670569,
                "atr_mult": 0.14775832645330086,
                "vwap_atr_mult": 0.18357981737256912,
                "buy_factor": 0.007538836476796388,
                "sell_factor": 0.002358078306488619,
                "trailstop_pct": 15.502674653575564
            },
            "state": "COMPLETE"
        }
    ]
}