{
  "value": 0.5985125925925926,
  "params": {
    "min_prof_thr": 0.010238872441640965,
    "max_down_prop": 0.2380171693850246,
    "gain_tightening_factor": 3.039047510612203,
    "merging_retracement_thr": 0.3572033549084904,
    "merging_time_gap_thr": 2.2013535558994186,
    "pre_entry_decay": 0.062274048042569016,
    "short_penal_decay": 5.764756235122663,
    "trailing_stop_pct": 0.04162295913901093,
    "buy_threshold": 0.3953890442643378,
    "top_percentile": 4.890871318814762,
    "smoothing_window": 3
  }
}