{
  "value": 0.5975975925925926,
  "params": {
    "min_prof_thr": 0.014854513430978456,
    "max_down_prop": 0.2191853007594797,
    "gain_tightening_factor": 3.3360542103077195,
    "merging_retracement_thr": 0.5919815399743924,
    "merging_time_gap_thr": 3.216120519358623,
    "pre_entry_decay": 0.05250425686716923,
    "short_penal_decay": 4.838565691475399,
    "trailing_stop_pct": 0.048206661246998926,
    "buy_threshold": 0.5184327067491684,
    "top_percentile": 4.39320100970824,
    "smoothing_window": 3
  }
}