{
    "best_params": {
        "tc_id": "tc_ema_21_50",
        "reset_peak": false,
        "rsi_min_thresh": 50,
        "rsi_max_thresh": 71,
        "vol_thresh": 5.318556364913205,
        "adx_thresh": 55.413743160444014,
        "atr_mult": 4.894406375959715,
        "vwap_atr_mult": -14.132613330056088,
        "buy_factor": 0.9026817162221501,
        "sell_factor": 0.2923957113659291,
        "trailstop_pct": 5.4508404913668755
    },
    "best_value": 15.291693333333324,
    "importances": {
        "adx_thresh": 0.8550489387635227,
        "vwap_atr_mult": 0.044956225956618454,
        "sell_factor": 0.03388784032712412,
        "vol_thresh": 0.0332361678570132,
        "trailstop_pct": 0.011324263183180238,
        "tc_id": 0.009536921727151305,
        "atr_mult": 0.005373810839478373,
        "buy_factor": 0.003636333763135259,
        "rsi_min_thresh": 0.0029994975827762837,
        "reset_peak": 0.0
    },
    "trials": [
        {
            "number": 0,
            "value": 14.859933333333329,
            "params": {
                "tc_id": "tc_ema_21_50",
                "reset_peak": false,
                "rsi_min_thresh": 28,
                "rsi_max_thresh": 100,
                "vol_thresh": 4.363670252785925,
                "adx_thresh": 54.01881853220799,
                "atr_mult": 1.941961832887694,
                "vwap_atr_mult": 3.412364980346073,
                "buy_factor": 0.5451546225309478,
                "sell_factor": 0.18753688121794093,
                "trailstop_pct": 14.567404856628437
            },
            "state": "COMPLETE"
        },
        {
            "number": 1,
            "value": 9.433618666666671,
            "params": {
                "tc_id": "tc_ema_9_21",
                "reset_peak": false,
                "rsi_min_thresh": 21,
                "rsi_max_thresh": 73,
                "vol_thresh": 3.649591044936905,
                "adx_thresh": 50.38796929310851,
                "atr_mult": 2.9873652816709937,
                "vwap_atr_mult": -7.495080707855557,
                "buy_factor": 0.16130279258475616,
                "sell_factor": 0.23731902228371302,
                "trailstop_pct": 10.11395542750846
            },
            "state": "COMPLETE"
        },
        {
            "number": 2,
            "value": 5.625357333333341,
            "params": {
                "tc_id": "tc_ema_21_50",
                "reset_peak": false,
                "rsi_min_thresh": 38,
                "rsi_max_thresh": 65,
                "vol_thresh": 3.82978686615607,
                "adx_thresh": 45.455101506646024,
                "atr_mult": 1.0096688249674268,
                "vwap_atr_mult": -3.1452087586202566,
                "buy_factor": 0.7771814288099411,
                "sell_factor": 0.46296182824478815,
                "trailstop_pct": 13.061712635040074
            },
            "state": "COMPLETE"
        },
        {
            "number": 3,
            "value": 4.372357333333333,
            "params": {
                "tc_id": "tc_ema_9_21",
                "reset_peak": false,
                "rsi_min_thresh": 26,
                "rsi_max_thresh": 51,
                "vol_thresh": 4.603324994342719,
                "adx_thresh": 42.15938594192474,
                "atr_mult": 5.240655587671393,
                "vwap_atr_mult": -14.815424418546897,
                "buy_factor": 0.22464906111869237,
                "sell_factor": 0.9995066381557968,
                "trailstop_pct": 9.730633831542846
            },
            "state": "COMPLETE"
        },
        {
            "number": 4,
            "value": -19.888703999999983,
            "params": {
                "tc_id": "tc_ema_9_21",
                "reset_peak": false,
                "rsi_min_thresh": 22,
                "rsi_max_thresh": 89,
                "vol_thresh": 4.9279475421177885,
                "adx_thresh": 32.84100338986013,
                "atr_mult": 1.219371940825509,
                "vwap_atr_mult": -19.349327046633448,
                "buy_factor": 0.4518728085633692,
                "sell_factor": 0.9837729157231845,
                "trailstop_pct": 14.101532462163835
            },
            "state": "COMPLETE"
        },
        {
            "number": 5,
            "value": 3.7407546666666542,
            "params": {
                "tc_id": "tc_ema_9_21",
                "reset_peak": false,
                "rsi_min_thresh": 30,
                "rsi_max_thresh": 78,
                "vol_thresh": 3.6900142220211665,
                "adx_thresh": 49.81281279227765,
                "atr_mult": 2.5401093730992756,
                "vwap_atr_mult": -1.3157260297047202,
                "buy_factor": 0.8572806241048182,
                "sell_factor": 0.49109692672131366,
                "trailstop_pct": 14.560624139814044
            },
            "state": "COMPLETE"
        },
        {
            "number": 6,
            "value": 4.000498666666648,
            "params": {
                "tc_id": "tc_ema_9_21",
                "reset_peak": false,
                "rsi_min_thresh": 35,
                "rsi_max_thresh": 69,
                "vol_thresh": 4.649124714739063,
                "adx_thresh": 46.266009425410914,
                "atr_mult": 1.570707279545461,
                "vwap_atr_mult": 0.9295231195684792,
                "buy_factor": 0.46250329520387345,
                "sell_factor": 0.6431225271302026,
                "trailstop_pct": 8.440783478803505
            },
            "state": "COMPLETE"
        },
        {
            "number": 7,
            "value": -4.012522666666674,
            "params": {
                "tc_id": "tc_ema_9_21",
                "reset_peak": false,
                "rsi_min_thresh": 29,
                "rsi_max_thresh": 52,
                "vol_thresh": 5.08551914246127,
                "adx_thresh": 43.86014570394071,
                "atr_mult": 2.418335868631781,
                "vwap_atr_mult": -6.336501149117176,
                "buy_factor": 0.5741676653328703,
                "sell_factor": 0.7496503427493748,
                "trailstop_pct": 6.706080303479666
            },
            "state": "COMPLETE"
        },
        {
            "number": 8,
            "value": -3.2427679999999963,
            "params": {
                "tc_id": "tc_ema_9_21",
                "reset_peak": false,
                "rsi_min_thresh": 23,
                "rsi_max_thresh": 80,
                "vol_thresh": 5.93907540120105,
                "adx_thresh": 35.716614301328526,
                "atr_mult": 5.166645538682566,
                "vwap_atr_mult": -16.239958429459453,
                "buy_factor": 0.7247014942597902,
                "sell_factor": 0.24677058845793928,
                "trailstop_pct": 6.881846366197232
            },
            "state": "COMPLETE"
        },
        {
            "number": 9,
            "value": 14.147325333333331,
            "params": {
                "tc_id": "tc_ema_21_50",
                "reset_peak": false,
                "rsi_min_thresh": 26,
                "rsi_max_thresh": 80,
                "vol_thresh": 3.6540806649275477,
                "adx_thresh": 51.971293844600055,
                "atr_mult": 3.120060704466129,
                "vwap_atr_mult": -13.76354027723994,
                "buy_factor": 0.9912127921700469,
                "sell_factor": 0.6347563700777988,
                "trailstop_pct": 4.054072483464781
            },
            "state": "COMPLETE"
        },
        {
            "number": 10,
            "value": -6.767477333333327,
            "params": {
                "tc_id": "tc_ema_21_50",
                "reset_peak": false,
                "rsi_min_thresh": 25,
                "rsi_max_thresh": 89,
                "vol_thresh": 5.81391078179984,
                "adx_thresh": 34.64584292105099,
                "atr_mult": 3.557189978683321,