{
  "value": 0.7689551851851852,
  "params": {
    "min_prof_thr": 0.032380161484925556,
    "max_down_prop": 0.3088228327156464,
    "gain_tightening_factor": 1.871787968745632,
    "merging_retracement_thr": 0.12804334853279334,
    "merging_time_gap_thr": 0.9444056075230204,
    "pre_entry_decay": 0.08368675487009965,
    "short_penal_decay": 2.691740461470875,
    "trailing_stop_pct": 0.016262066626396284,
    "buy_threshold": 0.2874229992789557,
    "top_percentile": 0.990540487245124
  }
}