{
  "value": 0.5585962962962963,
  "params": {
    "min_prof_thr": 0.018761746016361068,
    "max_down_prop": 0.2699153512400817,
    "gain_tightening_factor": 6.290255567553035,
    "merging_retracement_thr": 0.4890282846488976,
    "merging_time_gap_thr": 2.211693237872117,
    "pre_entry_decay": 0.0616026426295008,
    "short_penal_decay": 5.503739034753762,
    "trailing_stop_pct": 0.032795081892945346,
    "buy_threshold": 0.3487730259710918,
    "top_percentile": 3.9437156365920645,
    "smoothing_window": 5
  }
}