pred_threshold,trailing_stop_pred,smoothing_window,avg_daily_pnl
0.66865840537165,0.05091063555043912,21,0.0004158135482465694
0.5630823857485259,0.028682276307116665,15,-0.011383794380309299
0.5859161663815011,0.06727316707536905,2,-0.03771378784578524
0.32592024905165573,0.017804557656755045,59,-0.04288564582879547
0.3416656261058894,0.04848761968351923,24,-0.0718932694402091
0.3002309961943286,0.055099601641303654,17,-0.11848399041603137
